dt,error_euler,error_leapfrog
1.000000000000000056e-01,1.438008885404606918e+00,2.482796616171928719e-02
5.000000000000000278e-02,8.851406570987516709e-01,2.155628492551303383e-04
2.000000000000000042e-02,7.688102270667586113e-01,1.116847925257518651e-07
1.000000000000000021e-02,6.686159527194072139e-01,4.058975072811418403e-10
5.000000000000000104e-03,5.773830323821214083e-01,1.398078877365743007e-12
2.000000000000000042e-03,4.412539313796570162e-01,1.383217859045420415e-14
1.000000000000000021e-03,3.328117792974928379e-01,1.040271282422588928e-14
